source,source_type,matched_keywords,title,summary,url,published_at,writer,paper_page,raw_keyword
연합뉴스,yna_api,"기후부, 기후에너지환경부",'주민 반대' 인천 서해구 공공열분해시설 5년만에 백지화,"...업을 중단하기 위한 내부 절차를 진행 중이다. 이 사업은 2021년 기후에너지환경부 공모사업에 선정돼 시작됐으며, 총사업비 322억원의 약 3분의 1에 ...기로 결정했다. 결국 서해구는 조만간 사업 중단 방침을 확정하고 기후부 에 사업 취소 승인 절차를 밟는다는 계획이다. 이에 따라 사업추진 ...",https://www.yna.co.kr/view/AKR20260922177800065,2026-09-29T07:17:01+09:00,천정인,,기후부
뉴스1,news1_api,기후부,나랏돈 부정수급 적발 5년 새 최대…환수율은 3년 새 최저,"지난해 국고보조금 부정수급 적발 건수가 992건으로 최근 5년간 가장 많았던 것으로 나타났다. 적발액도 667억7000만원으로 전년보다 35.4% 증가했다.반면 잘못 지급돼 환수하기로 한 보조금의 실제 환수율은 47.6%로 최근 3년 중 가장 낮았다. 지난해 환수 결정액 536억원 가운데 255억원만 회수됐으며, 미환수액 281억원의 약 97%는 보건복지부와 국토교통부 소관이었다.부정수급 992건·667억 적발…해수부·기후부·문체부가 72%28",https://www.news1.kr/economy/trend/6303630,2026-09-29T06:05:00+09:00,이강 기자,,기후부
연합뉴스,yna_api,"산업부, 산업통상부","최수진 ""해외 AI 쓰는 산업부…'160억 투입' 국산 이용률은 저조""",...든 '범정부 인공지능(AI) 공통 기반' 챗봇이 산업통상부 공무원들의 외면을 받고 있다고 국민의힘 ...원중소벤처기업위원회 소속인 최 의원이 이날 산업통상부 에서 받은 '산업통상 특화 AI 플랫폼 구축을 ...나 법령 등 범용 자료 중심으로만 학습돼있어 산업부 전문 업무를 처리하는 데 부적합하다'고 ...,https://www.yna.co.kr/view/AKR20260928126300001,2026-09-29T06:00:00+09:00,조다운,,산업통상부
동아일보,naver_paper,산업통상부,"30년 넘은 제주 농공단지, AI-바이오 입고 다시 뛴다",제주의 노후 산업단지가 재생에너지와 바이오산업의 거점으로 변모한다. 28일 제주특별자치도에 따르면 최근 산업통상부는 ‘2027년 노후 거점 산업단지 경쟁력 강 …,https://n.news.naver.com/mnews/article/020/0003751188,2026-09-29T04:31:00+09:00,,A16면,
머니투데이,naver_paper,공정위,[사설]기업 생사여탈권까지 쥐겠다는 공정위,,https://n.news.naver.com/mnews/article/008/0005419342,2026-09-29T04:00:00+09:00,,9면,
조선일보,naver_paper,공정위,"공정위, 명륜당에 148억 과징금",,https://n.news.naver.com/mnews/article/023/0004000876,2026-09-29T00:34:00+09:00,,B2면,
뉴스1,news1_api,"공정거래위원회, 공정위","李대통령 ""공정위 칭찬합니다…소상공인 억울한 일 없도록 철저 감시""","이재명 대통령은 29일 가맹점주를 상대로 한 가맹본부의 부당행위를 적발한 공정거래위원회를 향해 ""공정위 칭찬합니다""라며 격려했다.이 대통령은 이날 엑스(X·옛 트위터)에 '공정위 칭찬합니다'라는 제목의 글을 올려 ""가맹본부가 오너 일가 소유 대부업체를 끼워 넣어 사익을 추구하고, 가맹희망자에게는 대출금리 등 필수 정보도 알리지 않고 고금리 대출로 부담을 지운 부당행위를 공정위가 적발했다""고 밝혔다.이 대통령은 ""가맹희망자는 정보 우위에 있는 가",https://www.news1.kr/politics/president/6303882,2026-09-29T00:16:37+09:00,임윤지 기자,,공정거래위원회
중앙일보,naver_paper,공정위,"공정위, 가맹점 이자장사 명륜당에 149억 과징금",,https://n.news.naver.com/mnews/article/025/0003554317,2026-09-29T00:02:00+09:00,,E4면,
연합뉴스,yna_api,한국전력,"[아시안게임] 남자 400ｍ 계주, 2회 연속 동메달…38초43 한국기록(종합2보)","...달은 8분17초36의 아시안게임 신기록을 세운 일본의 미우라 류지가 목에 걸었다. 남자 1,500ｍ에선 이재웅(영천시청)이 3분40초11로 7위, 박종학( 한국전력공사 )이 3분46초87로 10위의 성적을 냈다. 일본 이자와 가즈토는 3분36초35의 아시안게임 기록으로 우승했다. 여자 5,000ｍ에 출전한 김유진(...",https://www.yna.co.kr/view/AKR20260928166352007,2026-09-28T23:09:47+09:00,김경윤,,한국전력
뉴스1,news1_api,기후부,"韓총리 ""AI로 재난안전 통합관리…'부처 칸막이' 허문다""","한성숙 국무총리는 28일 ""정부는 생성형 인공지능(AI)이 정부의 부처별 생산·보유 데이터를 통합적으로 관리하고 AI를 통해 분석하는 '범정부 재난안전 AX 종합계획'을 추진한다""고 밝혔다.한 총리는 이날 엑스(X·옛 트위터)에 'AI를 통해 재난안전을 통합 관리하겠습니다'라는 제목의 글을 올리고 이같이 밝혔다.한 총리는 ""그간 폭우가 쏟아지면 침수 피해는 행안부, 기상 상황은 기상청, 하천 수위는 기후부 등 정보가 부처별로 흩어져 있어, 기민",https://www.news1.kr/politics/president/6303749,2026-09-28T18:32:05+09:00,임윤지 기자,,기후부
연합뉴스,yna_api,공정거래위원회,"재경위, 배민 대표 등 국감 증인 채택…김용범은 여야 이견(종합)",...는 향후 국정감사 증인·참고인 채택과 관련해 2차 협의를 이어가기로 했다. 국회 정무위원회도 이날 전체회의를 열고 국가보훈부·금융위원회· 공정거래위원회 등 45개 피감기관 소속 증인 314명에 대한 국정감사 출석 요구의 건을 의결했지만 기업인 등 일반 증인 명단은 채택하지 못했다. 국민의힘은 '...,https://www.yna.co.kr/view/AKR20260928125051001,2026-09-28T18:14:23+09:00,박재하,,공정거래위원회
매일경제,naver_paper,한전,한전 전봇대 절반이 '무단설치'… 4년간 156억 물어줬다,,https://n.news.naver.com/mnews/article/009/0005740994,2026-09-28T17:46:00+09:00,,A10면,
매일경제,naver_paper,"공정거래위원회, 공정위","[매경이코노미스트] 조사방해엔 채찍, 협조엔 당근",공정위 조사협조 감경 축소땐 기업들 재판서 다투려 할 것 법위반 제재 수준은 높이되 조사개시 이후엔 당근 중요 최근 쿠팡과 한화에 대한 공정거래위원회의 현장조 …,https://n.news.naver.com/mnews/article/009/0005740984,2026-09-28T17:46:00+09:00,,A35면,
매일경제,naver_paper,공정위,"담합 '투스트라이크 아웃', 공정위의 과속 위험하다 [사설]",,https://n.news.naver.com/mnews/article/009/0005740980,2026-09-28T17:45:00+09:00,,A35면,
뉴스1,news1_api,산업통상부,"광주상의, 부실 기업 아닌 건실한 기업 체질 개선 돕는다","광주상공회의소는 10월 1일 오후 2시 7층 대회의실에서 '2026년 호남권 사업재편 지원사업 설명회'를 개최한다.산업통상부가 주최하고 대한상공회의소와 광주상공회의소가 공동 주관하는 이번 설명회는 급변하는 산업 환경 속에서 지역 기업의 선제적인 체질 개선과 신성장동력 확보를 지원하기 위해 마련했다.특히 사업재편 지원사업은 구조조정 단계의 부실기업이 아닌, 경영 상태가 건실한 정상기업을 대상으로 추진된다는 점이 특징이다.기업이 신산업 진출, 디지",https://www.news1.kr/local/gwangju-jeonnam/6303561,2026-09-28T16:40:11+09:00,박영래 기자,,산업통상부
연합뉴스,yna_api,"한국전력, 한전",[표] 코스피 지수선물·옵션 시세표(28일)-2,...7000 8275 15861 HMM F 202610 ( 10) 21250 350 25638 83231 한국전력 F 202610 ( 10) 30700 350 60590 157104 SK텔레콤 F 202610 ( 10)...70 11028 63128 HD건설기계 F 202610 ( 10) 127000 -4000 485 820 대 한전 선 F 202610 ( 10) 30100 -900 48941 50590 SK바이오팜 F 202610 ( ...,https://www.yna.co.kr/view/AKR20260928131300008,2026-09-28T16:34:03+09:00,증권부,,한국전력
서울경제,naver_paper,공정위,“5년 내 2번 담합땐 시장 퇴출”…더 날카로워진 공정위 칼날,앞으로 에너지·의약·운송 등 민생과 밀접한 업종을 영위하는 기업이 담합행위를 상습적으로 반복하다 적발되면 시장에서 퇴출된다. 담합을 자진신고한 기업에게 각종 …,https://n.news.naver.com/mnews/article/011/0004666022,2026-09-28T16:29:00+09:00,,8면,
연합뉴스,yna_api,한국전력,원자력연구원장에 정우식 교수·전기연구원장에 강상희 교수,"... 임기는 29일부터 3년간이다. 정 신임 원장은 서울대 원자핵공학과를 졸업하고 한국과학기술원(KAIST)에서 원자력공학 석·박사 학위를 받았다. 한국전력 기술, 한국원자력연구원 책임연구원을 거쳐 2014년 세종대 교수로 부임했다. 현재 한국수력원자력 비상임이사로 있다. 강 신임 원장은 서울대 ...",https://www.yna.co.kr/view/AKR20260928126700017,2026-09-28T16:15:30+09:00,조승한,,한국전력
뉴스1,news1_api,산업부,[부고] 노병우 씨(프라임경제 부장) 조모상,"■ 서옥례 씨 별세, 노재영 씨 모친상, 노병우 씨(프라임경제 미래산업부 부장) 조모상 = 27일 오후 10시 21분, 전북 전주시 온고을장례식장 301호실, 발인 30일 오전 7시 30분, 장지 정읍시 고부면 선영. (063)211-5000* 부고 게재 문의는 카톡 뉴스1제보, 이메일 opinion@news1.kr (확인용 유족 연락처 포함)",https://www.news1.kr/life-culture/press/6303524,2026-09-28T16:15:00+09:00,,,산업부
연합뉴스,yna_api,산업부,"전남광주시의회 산업부서 상임위 배분 갈등…""전원 사임도 불사""","...업 관련 부서를 미래산업위가 맡아야 한다는 입장이다. 통합시 핵심 산업부 서가 기후환경에너지위로 넘어가는 방안에 대해 미래산업위 의원들은 내부적으로 "" 산업부 서를 맡지 못한다면 상임위원 전원이 사임하겠다""는 취지의 입장을 ...",https://www.yna.co.kr/view/AKR20260928120800054,2026-09-28T16:11:49+09:00,박철홍,,산업통상부
연합뉴스,yna_api,한전,"""방사성폐기물량 전국 2위""…대전시의회, 원자력안전 특위 가동","... 대전지역 원자력시설의 안전관리 실태를 면밀히 점검하고, 원자력 안전과 관련한 실질적인 지원방안을 마련하기 위해 구성됐다. 한국원자력연구원과 한전 원자력연료 등 대전 소재 원자력 시설 2곳에는 200L 용량의 중·저준위 방사성폐기물 2만9천587드럼이 보관돼 있다. 전국 최대 중·저준위 폐기물 ...",https://www.yna.co.kr/view/AKR20260928117500063,2026-09-28T15:43:44+09:00,박주영,,한국전력
연합뉴스,yna_api,산업통상부,"[전남광주소식] 광주상의, 10월1일 사업재편지원 설명회",...광주=연합뉴스) 광주상공회의소는 10월1일 오후 2시 상의 7층 대회의실에서 '2026년 호남권 사업재편 지원사업 설명회'를 개최한다고 28일 밝혔다. 산업통상부 가 주최하고 대한상공회의소와 광주상공회의소가 공동으로 주관하는 이번 설명회는 급변하는 산업 환경 속에서 지역 기업의 선제적인 체질 개선과 ...,https://www.yna.co.kr/view/AKR20260928107900054,2026-09-28T15:19:45+09:00,전승현,,산업통상부
연합뉴스,yna_api,산업부,[부고] 노병우(프라임경제 부장)씨 조모상,"▲ 서옥례(향년 96세)씨 별세, 노재영씨 모친상, 노병우(프라임경제 미래 산업부 부장)씨 조모상 = 27일 오후 10시, 전북 전주 온고을장례식장 301호, 발인 30일 오전 7시 30분, 장지 정읍 서남권 추모공원·정읍 고부 선영하. ☎ 063-211-5000 (서울=연합뉴스) (끝)",https://www.yna.co.kr/view/AKR20260928109200505,2026-09-28T15:14:24+09:00,서효주,,산업통상부
연합뉴스,yna_api,산업통상부,"대전 옛 대덕경찰서, 방산기업 AI 기술 지원 거점으로 탈바꿈","...서 시험동과 본관동을 리모델링해 방산기업의 AI 기술개발과 실증을 종합적으로 지원하는 '방산 AX 클러스터'를 조성한다는 방침이다. 시는 최근 산업통상부 의 '방산 소재·부품·장비 특화단지'에 선정되면서 방산 AX 클러스터와 연계한 기업지원 기반이 강화됐다. 허태정 시장은 ""방산 소부장 ...",https://www.yna.co.kr/view/AKR20260928096300063,2026-09-28T14:22:06+09:00,박주영,,산업통상부
뉴스1,news1_api,산업부,[인사] 프라임경제,"◆프라임경제▷부장 △정치사회부·생활산업부장 김경태 △건설산업부장 전훈식 △미래산업부장 노병우▷차장 △생활산업부 이인영 △미래산업부 박지혜 △자본시장부 장민태* 인사 게재 문의는 카톡 뉴스1제보, 이메일 opinion@news1.kr (확인용 담당자 연락처 포함)",https://www.news1.kr/life-culture/press/6303298,2026-09-28T14:20:43+09:00,,,산업부
연합뉴스,yna_api,기후에너지환경부,"추미애 ""입주민 불편 없도록 준비…교통 불편 해소에 최선""",... '토양환경보전법 시행규칙'이 주요 현안으로 다뤄졌다. 정부가 추진 중인 시행규칙 개정안은 공공주택사업의 경우 국토교통부 장관의 요청과 기후에너지환경부 장관의 의견을 거쳐 착공 여부와 관계없이 오염 토양을 외부로 옮겨 정화할 수 있도록 특례를 두는 내용이 담겼다. 개정안이 시행되면 ...,https://www.yna.co.kr/view/AKR20260928093100060,2026-09-28T14:14:03+09:00,노승혁,,기후부
연합뉴스,yna_api,산업통상부,CPTPP 가입시 실질GDP 0.38%p↑…농림수산업은 8천500억 타격,"...원 늘어날 것으로 분석됐다. 다만 시장 개방에 따라 농림수산업 분야는 연평균 약 8천500억원 규모의 생산 감소가 불가피할 것으로 전망됐다. 산업통상부 , 농림축산식품부, 해양수산부, 중소벤처기업부, 산림청 등 관계 부처는 연구기관과 함께 진행한 'CPTPP 가입 경제적 영향분석' 잠정 결과를 28일 ...",https://www.yna.co.kr/view/AKR20260928092200003,2026-09-28T14:00:00+09:00,신창용,,산업통상부
뉴스1,news1_api,산업통상부,"CPTPP 가입 '득실' 따져보니…제조업 6.7조↑, 농림수산업 8500억↓","정부가 포괄적·점진적 환태평양경제동반자협정(CPTPP) 가입에 따른 경제적 영향을 분석한 결과, 협정 발효 후 15년간 제조업 생산은 연평균 최대 6조 7000억 원 늘어나는 반면 농업·임업·수산업 생산은 연평균 8500억 원가량 감소할 것으로 추정됐다.산업통상부, 농림축산식품부, 해양수산부, 중소벤처기업부와 산림청은 관계 연구기관과 함께 진행한 포괄적·점진적 환태평양경제동반자협정(CPTPP) 가입 관련 경제적 영향분석 잠정 결과를 28일 발표",https://www.news1.kr/economy/idustry-trade/6303222,2026-09-28T14:00:00+09:00,김승준 기자,,산업통상부
뉴스1,news1_api,기후에너지환경부,국립기후과학원 출범 앞두고…2035년 온실가스 감축 이행 방안 논의,국립기후과학원으로 확대 출범을 앞둔 온실가스종합정보센터가 2035년 국가 온실가스 감축목표 이행을 어떻게 점검할지 논의하는 국제 학술회의를 연다.기후에너지환경부 소속 온실가스종합정보센터는 28일 서울 영등포구에서 '데이터에서 이행으로: 투명성이 이끄는 기후 행동'을 주제로 제17차 국제 온실가스 학술회의를 개최한다고 밝혔다.파리협정에 따라 각국이 2035년 국가 온실가스 감축목표를 유엔에 제출하면서 목표 이행이 주요 과제로 떠올랐다. 우리나라도,https://www.news1.kr/economy/env-policy/6303212,2026-09-28T14:00:00+09:00,김우진 기자,,기후부
연합뉴스,yna_api,"기후부, 기후에너지환경부",하수가 가진 열도 쓴다…'재생에너지' 포함 추진,"기후부 ·세종시·지역난방공사 업무협약…1Gcal 열 난방으로 ...에서 버려지는 열을 활용하는 사업이 추진된다. 기후에너지환경부 와 세종시, 한국지역난방공사는 28일 오후 세종시청에서... 1만7천세대가 1년간 공급받는 열과 맞먹는다. 기후부 는 올해 지방자치단체(공공하수도관리청)가 하수도 ...",https://www.yna.co.kr/view/AKR20260928077100530,2026-09-28T13:30:01+09:00,이재영,,기후부
뉴스1,news1_api,기후에너지환경부,"세종 하수처리장 버려지던 열, 1만7000세대 1년치 난방열로 재탄생","세종시 하수처리시설에서 버려지던 하수 열과 바이오가스가 지역난방 열원으로 쓰인다. 이 시설의 방류수를 모두 활용하면 약 1만 7000세대가 1년간 쓸 수 있는 열을 회수할 수 있다.기후에너지환경부는 28일 세종시, 한국지역난방공사와 '바이오가스·하수열 활용을 통한 하수처리시설 에너지 자립 기반 조성을 위한 업무협약'을 체결한다고 밝혔다.하수처리시설은 24시간 가동돼 전력 사용량이 많은 대표적인 시설이다. 이번 협약은 세종시 하수처리시설인 세종수",https://www.news1.kr/economy/env-policy/6303080,2026-09-28T13:30:00+09:00,김우진 기자,,기후부
연합뉴스,yna_api,"공정거래위원회, 공정위","공정위, 명륜당·이종근 회장 고발…과징금 총 148억원","... 회장 주도로 설립…217억원 이익 공정거래위원회 는 부당 지원 행위 등 공정거래법 위반 ... 790억원의 정책 자금도 포함된 것으로 공정위 는 파악하고 있다. 이순미 공정위 상임위원은 ""대부업체에 대출할 ...만 실제로는 약 99억원에 달했다는 것이 공정위 의 설명이다. 14개 대부업체는 모두 ...",https://www.yna.co.kr/view/AKR20260928076600002,2026-09-28T12:00:02+09:00,김수현,,공정거래위원회
뉴스1,news1_api,공정거래위원회,회장일가 대부업체에 2983억 저리 대여한 명륜당…과징금 148억,'명륜진사갈비' 운영사 명륜당이 회장 일가가 지배하는 대부업체 14곳에 약 3000억 원의 자금을 저리로 빌려준 사실이 적발돼 148억 원의 과징금을 물게 됐다.공정거래위원회는 명륜당의 '독점규제 및 공정거래에 관한 법률'(공정거래법)상 부당지원행위에 대해 시정명령과 과징금 104억 7200만 원을 부과하고 명륜당과 이 회장을 검찰에 고발하기로 결정했다고 28일 밝혔다.가맹희망자에게 신용 제공·알선 내역을 사실과 다르게 기재하고 대부업체와의 특,https://www.news1.kr/economy/trend/6303134,2026-09-28T12:00:00+09:00,심서현 기자,,공정거래위원회
연합뉴스,yna_api,산업통상부,"[바이오스냅] 대원제약, '프리비투스' 파우치 제형 생산 재개",...의 작용 방식이 기존 탈모 치료제와 달리 휴지기에 접어든 모낭의 미세환경을 젊은 상태로 되돌리는 '모낭 역노화'라고 설명했다. ▲ 대웅제약은 산업통상부 의 'AI 기반 방출조절·복합제형 통합 최적 설계 플랫폼 개발' 과제의 주관 기관으로 선정됐다고 28일 밝혔다. 이 과제는 약동학 정보를 입력하면 AI가 ...,https://www.yna.co.kr/view/AKR20260928060100017,2026-09-28T10:41:43+09:00,박상현,,산업통상부
뉴스1,news1_api,한전,"대전시의회 원자력안전특위 본격 활동…""시민 안전 확보 총력""","대전시의회 원자력안전특별위원회는 28일 제1차 회의를 열고 위원장에 구본환 의원(유성구 4), 부위원장에 민향기 의원(비례대표)을 각각 선임하고 본격적인 활동에 들어갔다고 밝혔다.원자력안전특별위원회는 대전지역 원자력시설의 안전관리 실태를 점검하고, 원자력 안전과 관련한 실질적인 지원 방안을 마련하기 위해 구성됐다.특히 대전에는 6월 30일 현재 200리터 기준으로 한국원자력연구원 1만 9385드럼, 한전원자력연료 1만 237드럼 등 모두 2만",https://www.news1.kr/local/daejeon-chungnam/6302985,2026-09-28T10:37:41+09:00,박종명 기자,,한전
연합뉴스,yna_api,"기후부, 기후에너지환경부, 한국전력, 한전","[게시판] 한전, 국정원·기후부와 사이버공격 방어훈련 '일렉콘'","▲ 한국전력은 국가정보원 지부, 기후에너지환경부 와 실전형 사이버공격 방어훈련 '2026 일렉콘'을 개최한다고 28일 밝혔다. 참가 부문은 에너지 기관Ⅰ(제어), 에너지기관Ⅱ(정보), 대학부, 고등부 등 4개로 예선을 거쳐 총 32개팀이 본선에 진출한다. 본선은 오는 11월 11∼12일에 열리며 실제 에너지 시스템과 ...",https://www.yna.co.kr/view/AKR20260928038200003,2026-09-28T10:31:49+09:00,장보인,,기후부
연합뉴스,yna_api,공정위,[연합뉴스 이 시각 헤드라인] - 10:30,"... 담합 근절' 당정협의 후 기자들과 만나 ""17개 업종의 반복 담합 사업자에 대한 등록취소·영업정지 제도를 도입할 것""이라며 이같이 밝혔다. 공정위 에 따르면 이들 17개 업종의 경우 5년 이내 2회 이상 반복적으로 담합을 일삼으면 시장 퇴출까지 할 수 있도록 제재 수위를 강화하는 방안이 추진된다. ...",https://www.yna.co.kr/view/AKR20260928053700011,2026-09-28T10:30:00+09:00,최현유,,공정거래위원회
연합뉴스,yna_api,기후에너지환경부,에너지 위기 장기화에 '수소' 대안 부상…한국은 뒷걸음질 우려,"... 구축에 박차를 가하는 사이 한국은 지원을 줄이며 뒷걸음질하고 있어 글로벌 수소 시장에서 리더십을 지속할 수 있을지는 불투명한 상황이다. 기후에너지환경부 가 이달 초 공개한 2027년 예산안 지출구조조정 내역에 따르면 수소전기차 보조금은 5천762억원에서 4천457억원으로 23% 줄었고, 수소충전소 ...",https://www.yna.co.kr/view/AKR20260928055900003,2026-09-28T10:27:33+09:00,장하나,,기후부
연합뉴스,yna_api,산업부,[인사] 프라임경제,◇ 부장 승진 ▲ 정치사회부/생활 산업부 장 김경태 ▲ 건설 산업부 장 전훈식 ▲ 미래 산업부 장 노병우 ◇ 차장 승진 ▲ 생활 산업부 차장 이인영 ▲ 미래 산업부 차장 박지혜 ▲ 자본시장부 차장 장민태 (서울=연합뉴스) (끝),https://www.yna.co.kr/view/AKR20260928056800505,2026-09-28T10:20:34+09:00,서효주,,산업통상부
연합뉴스,yna_api,"한국전력, 한전","어기구 ""데이터센터 63% 수도권 집중…전력공급 검토에만 2년""","...회 어기구(더불어민주당·충남 당진) 의원이 한국전력공사 로부터 제출받은 자료를 분석한 결과를 보면 2021∼2025년 한전 에 전기사용을 신청한 161건 중 101건(62.7%)의 ...토만 서두르는 데는 한계가 있는 만큼, 정부와 한전 은 지역별 전력 공급 여력과 예상 일정을 ...",https://www.yna.co.kr/view/AKR20260928056000063,2026-09-28T10:19:17+09:00,정윤덕,,한국전력
연합뉴스,yna_api,"공정위, 주병기","당정 ""반복 담합하면 '등록취소·영업정지' 가능하게 법 개정""(종합)","... 도입할 것""이라며 이같이 밝혔다. 공정위 에 따르면 이들 17개 업종의 경우 5년 이내 ...예산 규모가 큰 교육청 발주 공공 입찰 정보를 공정위 의 입찰담합 징후 분석 시스템(BRIAS)과 ...정하며 강력한 제재 의지를 확인했다. 주병기 공정거래위 원장은 ""앞으로 부당한 이익을 현저히 ...",https://www.yna.co.kr/view/AKR20260928025651001,2026-09-28T10:03:05+09:00,김수현,,공정거래위원회
연합뉴스,yna_api,"공정거래위원회, 공정위","공정위, 신고인에게도 사전의견청취 기회 준다…사건규칙 개정",(세종=연합뉴스) 김수현 기자 = 공정거래위원회 는 신고인에게 사전 의견 청취 절차 참여 기회를 부여하는 등 ' 공정거래위원회 회의운영 및 사건절차 등에 관한 규칙'을 ...한다는 규정도 추가됐다. 이전까지는 규정상 공정위 가 심사보고서를 제출해 심의 절차가 개시된 ...,https://www.yna.co.kr/view/AKR20260928041700002,2026-09-28T10:00:02+09:00,김수현,,공정거래위원회
뉴스1,news1_api,"공정거래위원회, 공정위","공정위 사건 신고인, 심의 전 의견 낼 수 있다…절차적 권리 확대",공정거래위원회 사건 신고인이 심의에 앞서 위원들에게 의견을 제시할 수 있는 절차가 마련된다.사건이 전원회의나 소회의에 상정돼 심의절차가 시작된 사실도 신고인에게 통지된다.공정위는 신고인의 절차적 권리를 확대하는 내용의 '공정거래위원회 회의운영 및 사건절차 등에 관한 규칙'(사건절차규칙)을 개정해 28일부터 시행한다고 밝혔다.개정 규칙에 따라 공정위는 심의절차가 개시된 사실을 신고인에게 통지해야 한다.기존에도 사건심사 착수부터 처리 결과까지 주요,https://www.news1.kr/economy/trend/6302769,2026-09-28T10:00:00+09:00,심서현 기자,,공정거래위원회
뉴스1,news1_api,"기후에너지환경부, 한국전력, 한전","한전, 에너지 분야 사이버공격 방어 훈련 '일렉콘' 개최","한국전력은 국가정보원, 기후에너지환경부와 공동으로 실전형 사이버공격 방어훈련인 '2026 일렉콘(ELECCON)'을 개최한다고 28일 밝혔다.올해로 6회째를 맞는 일렉콘은 에너지 분야에 대한 실제 사이버공격 상황을 가정한 실전형 방어훈련으로, 참가자들이 사이버공격을 직접 탐지·차단하고 침해된 시스템을 복구하는 과정을 통해 현장 대응능력을 높이는 데 목적이 있다.올해부터는 기후에너지환경부가 공동 주최기관으로 참여하면서 정부와 에너지 공공기관 간",https://www.news1.kr/local/gwangju-jeonnam/6302843,2026-09-28T09:44:09+09:00,박영래 기자,,기후에너지환경부
연합뉴스,yna_api,산업부,"부산시·BISTEP, 과학기술 연구개발 우수성과 8선 선정","...업 적용을 위한 생분해성 플라스틱 기반 경량 폼 소재의 가공물성평가 기술개발(부산대 김민찬 석박통합), '저탄소 시멘트계 재료의 탄산화 반응 제어 및 산업부 산물 활용 기반 CCUS 건설재료 기술개발'(동아대 변예림 석사과정)이 우수 성과로 뽑혔다. '클라스레이트 이온 배제·가스 포집 원천기술: 리튬-담수 ...",https://www.yna.co.kr/view/AKR20260928035300051,2026-09-28T09:30:04+09:00,오수희,,산업부
연합뉴스,yna_api,"산업부, 산업통상부","무신사, 11월까지 상하이서 팝업스토어…15개 패션 브랜드 참여","... 열고 K-패션의 중국 진출을 가속한다고 28일 밝혔다. 이번 팝업은 산업통상부 와 대한무역투자진흥공사(코트라)의 '유통기업 해외진출 지원사업'의 ...이다이 등 국내 15개 패션 브랜드가 참여했다. 무신사 관계자는 "" 산업부 및 코트라 지원에 무신사의 현지 유통 인프라 및 운영 역량을 더해 국내 ...",https://www.yna.co.kr/view/AKR20260928024600030,2026-09-28T09:00:25+09:00,이상서,,산업통상부
연합뉴스,yna_api,"공정위, 주병기","당정 ""반복 담합 사업자에 '등록취소·영업정지 제도' 도입""","...합 처분 시효를 연장하고 예산 규모가 큰 교육청 발주 공공 입찰 정보를 공정위 의 입찰담합 징후 분석 시스템(BRIAS)과 연계되도록 법적 근거를 ...대해서는 이미 개정된 법안 등을 통해 강력히 집행할 방침이다. 주병기 공정거래위 원장은 ""앞으로 부당한 이익을 현저히 초과하게 하는 과징금 부과가 ...",https://www.yna.co.kr/view/AKR20260928025600001,2026-09-28T08:58:31+09:00,박재하,,공정거래위원회
뉴스1,news1_api,"산업부, 산업통상부","대웅제약, AI로 의약품 제형 설계…산업부 국책과제 주관기관 선정",대웅제약(069620)은 최근 산업통상부의 인공지능(AI) 기반 방출조절·복합제형 통합 최적 설계 플랫폼 개발 국책과제 주관기관으로 선정됐다고 28일 밝혔다.이번 과제는 목표 약동학(PK) 프로파일을 입력하면 AI가 이에 맞는 최적의 처방을 설계하는 것이 핵심이다. 개발 대상은 약물의 방출 양상을 조절하는 방출조절 제형과 여러 유효성분을 하나의 제형에 담는 복합제형이다. 약동학(PK)은 약물이 체내에 들어온 뒤 흡수·분포·대사·배설되는 과정에서,https://www.news1.kr/bio/pharmaceutical-bio/6302723,2026-09-28T08:52:12+09:00,김정은 기자,,산업통상부
뉴스1,news1_api,산업부,[인사] 한겨레신문사,"◆한겨레신문사 △논설위원 겸 오피니언팀장 김수헌 △디지털부국장 신윤동욱 △디지털뉴스부장 김경욱 △사회정책부장 조혜정 △한겨레21부 편집장 박현철 △경제산업부 산업팀장 이완 △기획부국장석 인물팀장 김소연* 인사 게재 문의는 카톡 뉴스1제보, 이메일 opinion@news1.kr (확인용 담당자 연락처 포함)",https://www.news1.kr/life-culture/press/6302653,2026-09-28T08:25:55+09:00,,,산업부
뉴스1,news1_api,산업통상부,"무신사, 中 상하이 핵심 상권서 팝업 개최…K-패션 판로 넓힌다","무신사(458860)가 중국 상하이에서 '무신사 상하이 팝업 스토어 2026'을 개최하며 K-패션 브랜드의 중국 진출을 지원한다고 28일 밝혔다.이번 팝업은 산업통상부와 대한무역투자진흥공사(KOTRA)의 '유통기업 해외진출 지원사업' 지원으로 추진됐다.중국은 제품 정식 유통을 위해 중국국가표준(GB) 등 엄격한 기준을 충족해야 하는 만큼, 무신사는 파트너 브랜드의 제품 인증 등 사전 준비부터 오프라인 판매까지 전 과정을 지원하고 팝업에서 확보한",https://www.news1.kr/industry/distribution/6302637,2026-09-28T08:24:37+09:00,박혜연 기자,,산업통상부
연합뉴스,yna_api,공정위,[전국 주요 신문 사설](28일 조간),"... 해법 찾아야 우크라 北 포로 한국행, 국민에 상세히 설명해 논란 없애야 로펌 이직하니 월 3000만원 … '무소불위 공정위 ' 단면 아닌지 ▲ 경북신문 = 폭발한 민심' 회복될까?… 국민이 정치 걱정 ▲ 경북일보 = 경북 국립의대, 약속한 9월 안에 확정하라 ...",https://www.yna.co.kr/view/AKR20260928007000011,2026-09-28T08:00:02+09:00,이경영,,공정거래위원회
